{"cameraMode":{"drawMode":0,"name":"Shaded","section":"Shading Mode"},"sceneLighting":false,"audioPlay":false,"sceneViewState":{"showFog":true,"showMaterialUpdate":false,"showSkybox":false,"showFlares":true,"showImageEffects":true,"showParticleSystems":true},"in2DMode":false,"pivot":{"x":0.07644674181938172,"y":0.6558120846748352,"z":-0.033754587173461917},"rotation":{"x":-0.009308419190347195,"y":0.014096272177994252,"z":-0.0001308989303652197,"w":-0.9998589754104614},"size":1.6496526002883912,"orthographic":false}